id;name;email;password_hash;phone;address;role;created_at;login;first_name;last_name;image_url;activated;lang_key
1;well-made blank;Leilani.Hand@yahoo.com;supposing;1-989-918-4953 x582;cloudy;SHELTER;2025-09-09T04:09:47;"IV@Zo3J-n\<l\$t1Sc\fgyIwUq\zuu";Jettie;Parisian;lifestyle;false;prioritize
2;who hutch;Vada22@yahoo.com;sit certify;845.348.4219;homely;SHELTER;2025-09-08T15:43:28;"ENTQv";Nya;Schumm;and amidst;false;beside
3;after geez;Jordane.Lowe37@yahoo.com;however fondly after;411-907-3622;yowza slake;OWNER;2025-09-09T13:13:41;"KU-80Q@D\$BH8sO\/67";Kaylin;Hyatt;whoever woot;false;alongside 
4;worth of;Paula73@hotmail.com;volleyball honored infatuated;368.823.0923 x2289;stall recede;SHELTER;2025-09-09T01:25:26;"I@i";Jodie;Tremblay;intrigue lest ew;false;sadly whil
5;upwardly hold ick;Dillon28@yahoo.com;without searchingly rightfully;(662) 753-7116 x0461;from;VET;2025-09-08T22:54:18;"_mJzSG";Stanley;Huel;louse geez;true;wound
6;behind;Dena_Strosin@yahoo.com;whup qua gleefully;(713) 820-5167 x854;multicolored sensitize;SHELTER;2025-09-09T09:39:03;"W~@TT\ erjC\5m1\d-";Stacy;Kunde;meh though;false;goodwill a
7;pfft nor eternity;Cristobal.Green85@gmail.com;mysterious hence hello;(253) 675-5869 x2654;pulse very overcharge;SHELTER;2025-09-09T11:49:31;"-5";Kaelyn;Kshlerin;broadly plain fooey;false;than bob o
8;not;Cathrine_Lubowitz34@yahoo.com;idolized;1-625-993-1753 x8635;ack chap;VET;2025-09-08T19:00:41;"N7w@J2Mn7M";Gilberto;Durgan;insidious;true;how hm rec
9;fooey behind competent;Lesley.Bednar@gmail.com;corral fatherly deselect;(885) 387-4673 x7449;t-shirt;OWNER;2025-09-09T12:47:56;"6@tBL\(Mq\'7\6GJv";Tremayne;Waters;until;true;reassuring
10;who;Melisa_Lemke@yahoo.com;absent minus;1-419-805-5904 x8682;thorn;SHELTER;2025-09-09T06:13:55;"j";Wilton;Wyman;minor jagged;true;why above
